{"mtx_cam": [[1474.5041253868962, 0.0, 755.9838240789153], [0.0, 1474.7892835135926, 607.5339199378101], [0.0, 0.0, 1.0]], "new_cam_mtx": [[1494.2457275390625, 0.0, 749.1790840096292], [0.0, 1506.938232421875, 604.766398284497], [0.0, 0.0, 1.0]], "dist": [[0.22468223482688854, -0.5343435021405978, -0.0029552706003969013, -0.0020395558399196193, -0.20226284052548946]], "roi": [0, 0, 1599, 1199]}