{"mtx_cam": [[1528.7346100812956, 0.0, 874.1752708318344], [0.0, 1517.8758222728009, 646.5521556048477], [0.0, 0.0, 1.0]], "new_cam_mtx": [[1562.5301513671875, 0.0, 902.7239903391892], [0.0, 1587.147216796875, 646.6980654360304], [0.0, 0.0, 1.0]], "dist": [[0.17904873495920204, -0.4989195364351572, 0.0012435143063126567, 0.023184631308495764, 0.5757804188127799]], "roi": [0, 0, 1599, 1199]}