{"mtx_cam": [[1394.3424439446624, 0.0, 786.1794992055525], [0.0, 1388.8563591195336, 580.5503020226784], [0.0, 0.0, 1.0]], "new_cam_mtx": [[1434.6285400390625, 0.0, 791.0436675288511], [0.0, 1433.05859375, 579.529907469172], [0.0, 0.0, 1.0]], "dist": [[0.16487173495933186, -0.7951023454962259, -0.0017730242005397797, 0.0027916425662236365, 1.179884249496979]], "roi": [0, 0, 1599, 1199]}