{"mtx_cam": [[1397.6573949009266, 0.0, 826.1571273135867], [0.0, 1387.3957814717278, 570.2616693114262], [0.0, 0.0, 1.0]], "new_cam_mtx": [[1397.4886474609375, 0.0, 827.8274811942174], [0.0, 1397.05224609375, 567.815610712627], [0.0, 0.0, 1.0]], "dist": [[0.14556016435722877, -0.6856715228017211, -0.0021227680930585037, 0.0007958942618779158, 0.7563922442856544]], "roi": [0, 0, 1599, 1199]}