{"mtx_cam": [[1459.3027755081253, 0.0, 759.6671279589691], [0.0, 1456.1782262527074, 605.5601947158582], [0.0, 0.0, 1.0]], "new_cam_mtx": [[1452.90966796875, 0.0, 741.6669323066308], [0.0, 1464.8912353515625, 600.5796871875355], [0.0, 0.0, 1.0]], "dist": [[0.0037428322887058186, -0.08703445446852182, -0.004040293321332814, -0.011528682086486403, 0.11942566821655046]], "roi": [0, 0, 1599, 1199]}