{"mtx_cam": [[1381.5776070529307, 0.0, 750.7761684035775], [0.0, 1390.5451944508509, 561.9317618550793], [0.0, 0.0, 1.0]], "new_cam_mtx": [[1363.900390625, 0.0, 734.991636816645], [0.0, 1379.6678466796875, 547.245191650276], [0.0, 0.0, 1.0]], "dist": [[-0.038547481572598505, 0.03782663301912666, -0.015257384921562893, -0.008304396759575004, -0.11485128583777732]], "roi": [0, 0, 1599, 1199]}