{"mtx_cam": [[1446.235237419322, 0.0, 759.0077487675148], [0.0, 1445.8981292663811, 596.4827044670362], [0.0, 0.0, 1.0]], "new_cam_mtx": [[1498.0928955078125, 0.0, 756.1959832881403], [0.0, 1495.1336669921875, 590.4917275668231], [0.0, 0.0, 1.0]], "dist": [[0.22257668249482568, -0.985487184680427, -0.005661750071359005, -0.00492477454228109, 1.4565276764005721]], "roi": [0, 0, 1599, 1199]}