{"mtx_cam": [[1539.0562069142932, 0.0, 739.1739426517186], [0.0, 1552.3499718364565, 537.9389244737309], [0.0, 0.0, 1.0]], "new_cam_mtx": [[1556.875, 0.0, 721.8922162055969], [0.0, 1561.795654296875, 512.5214495854016], [0.0, 0.0, 1.0]], "dist": [[0.024123758654970476, 0.1182802943104918, -0.0274444044709965, -0.009773388861656475, -0.5411695931415811]], "roi": [0, 0, 1599, 1199]}